Presseure (psi),Presseure (bar),Initial permeance,Water Permeance (LMH/bar)
20,1.378952,696,212
50,3.44738,196,152
80,5.515808,147,117
100,6.89476,116,97
